[{"headline_main": "HIGGINS, SPENT $22,189.53.; Governor-Elect's Election Expenses -- Harrison $9,220.28.", "headline_kicker": null, "pub_date": "1904-11-17T00:00:00Z", "word_count": 213}, {"headline_main": "GARDEN BOUTS CANCELED; Mauriello Says He Could Not Be Ready on Nov. 3", "headline_kicker": "1", "pub_date": "1944-10-23T00:00:00Z", "word_count": 149}, {"headline_main": "Stock Drop Is Biggest in 2 Months--Margin Rise Held Factor in Lightest Trading of 1955", "headline_kicker": "1", "pub_date": "1955-05-15T00:00:00Z", "word_count": 823}, {"headline_main": "MUSIC OF THE WEEK", "headline_kicker": null, "pub_date": "1904-11-06T00:00:00Z", "word_count": 2609}, {"headline_main": "Anacomp Inc. reports earnings for Qtr to March 31", "headline_kicker": null, "pub_date": "1992-05-06T00:00:00Z", "word_count": 129}, {"headline_main": "Brooklyn Routs Yeshiva", "headline_kicker": "1", "pub_date": "1972-12-24T00:00:00Z", "word_count": 144}, {"headline_main": "Albuquerque Program Gives Drinkers a Lift", "headline_kicker": "1", "pub_date": "1972-12-25T00:00:00Z", "word_count": 151}, {"headline_main": "Front Page 7 -- No Title", "headline_kicker": "1", "pub_date": "1944-10-24T00:00:00Z", "word_count": 29}, {"headline_main": "UNIONS AND BUILDERS READY FOR LONG FIGHT; None of the Strikers Back - Lock-Out Soon in Effect. 23,000 ALREADY INVOLVED Orders Sent to Every Building Employer Within Twenty-five Miles -- House-smiths Vote Not to Strike.", "headline_kicker": null, "pub_date": "1904-08-06T00:00:00Z", "word_count": 883}]