{"albums": {"href": "https://api.spotify.com/v1/browse/new-releases?offset=0&limit=20", "items": [{"album_type": "album", "artists": [{"external_urls": {"spotify": "https://open.spotify.com/artist/1RyvyyTE3xzB2ZywiAwp0i"}, "href": "https://api.spotify.com/v1/artists/1RyvyyTE3xzB2ZywiAwp0i", "id": "1RyvyyTE3xzB2ZywiAwp0i", "name": "Future", "type": "artist", "uri": "spotify:artist:1RyvyyTE3xzB2ZywiAwp0i"}], "available_markets": ["AD", "AE", "AR", "AT", "AU", "BE", "BG", "BH", "BO", "BR", "CA", "CH", "CL", "CO", "CR", "CY", "CZ", "DE", "DK", "DO", "DZ", "EC", "EE", "EG", "ES", "FI", "FR", "GB", "GR", "GT", "HK", "HN", "HU", "ID", "IE", "IL", "IN", "IS", "IT", "JO", "JP", "KW", "LB", "LI", "LT", "LU", "LV", "MA", "MC", "MT", "MX", "MY", "NI", "NL", "NO", "NZ", "OM", "PA", "PE", "PH", "PL", "PS", "PT", "PY", "QA", "RO", "SA", "SE", "SG", "SK", "SV", "TH", "TN", "TR", "TW", "US", "UY", "VN", "ZA"], "external_urls": {"spotify": "https://open.spotify.com/album/4bNPOFOzxGhF5jhfIK6lit"}, "href": "https://api.spotify.com/v1/albums/4bNPOFOzxGhF5jhfIK6lit", "id": "4bNPOFOzxGhF5jhfIK6lit", "images": [{"height": 640, "url": "https://i.scdn.co/image/ab67616d0000b273935d8d5369bc55e74a39303e", "width": 640}, {"height": 300, "url": "https://i.scdn.co/image/ab67616d00001e02935d8d5369bc55e74a39303e", "width": 300}, {"height": 64, "url": "https://i.scdn.co/image/ab67616d00004851935d8d5369bc55e74a39303e", "width": 64}], "name": "High Off Life", "release_date": "2020-05-15", "release_date_precision": "day", "total_tracks": 21, "type": "album", "uri": "spotify:album:4bNPOFOzxGhF5jhfIK6lit"}, {"album_type": "single", "artists": [{"external_urls": {"spotify": "https://open.spotify.com/artist/23fqKkggKUBHNkbKtXEls4"}, "href": "https://api.spotify.com/v1/artists/23fqKkggKUBHNkbKtXEls4", "id": "23fqKkggKUBHNkbKtXEls4", "name": "Kygo", "type": "artist", "uri": "spotify:artist:23fqKkggKUBHNkbKtXEls4"}, {"external_urls": {"spotify": "https://open.spotify.com/artist/5Pwc4xIPtQLFEnJriah9YJ"}, "href": "https://api.spotify.com/v1/artists/5Pwc4xIPtQLFEnJriah9YJ", "id": "5Pwc4xIPtQLFEnJriah9YJ", "name": "OneRepublic", "type": "artist", "uri": "spotify:artist:5Pwc4xIPtQLFEnJriah9YJ"}], "available_markets": ["AD", "AE", "AR", "AT", "AU", "BE", "BG", "BH", "BO", "BR", "CA", "CH", "CL", "CO", "CR", "CY", "CZ", "DE", "DK", "DO", "DZ", "EC", "EE", "EG", "ES", "FI", "FR", "GB", "GR", "GT", "HK", "HN", "HU", "ID", "IE", "IL", "IN", "IS", "IT", "JO", "JP", "KW", "LB", "LI", "LT", "LU", "LV", "MA", "MC", "MT", "MX", "MY", "NI", "NL", "NO", "NZ", "OM", "PA", "PE", "PH", "PL", "PS", "PT", "PY", "QA", "RO", "SA", "SE", "SG", "SK", "SV", "TH", "TN", "TR", "TW", "US", "UY", "VN", "ZA"], "external_urls": {"spotify": "https://open.spotify.com/album/3LhriqAiHJYw7rxvtlkvQc"}, "href": "https://api.spotify.com/v1/albums/3LhriqAiHJYw7rxvtlkvQc", "id": "3LhriqAiHJYw7rxvtlkvQc", "images": [{"height": 640, "url": "https://i.scdn.co/image/ab67616d0000b273479856767f92aab97c956704", "width": 640}, {"height": 300, "url": "https://i.scdn.co/image/ab67616d00001e02479856767f92aab97c956704", "width": 300}, {"height": 64, "url": "https://i.scdn.co/image/ab67616d00004851479856767f92aab97c956704", "width": 64}], "name": "Lose Somebody", "release_date": "2020-05-15", "release_date_precision": "day", "total_tracks": 1, "type": "album", "uri": "spotify:album:3LhriqAiHJYw7rxvtlkvQc"}, {"album_type": "album", "artists": [{"external_urls": {"spotify": "https://open.spotify.com/artist/0LyfQWJT6nXafLPZqxe9Of"}, "href": "https://api.spotify.com/v1/artists/0LyfQWJT6nXafLPZqxe9Of", "id": "0LyfQWJT6nXafLPZqxe9Of", "name": "Various Artists", "type": "artist", "uri": "spotify:artist:0LyfQWJT6nXafLPZqxe9Of"}], "available_markets": ["AD", "AE", "AR", "AT", "AU", "BE", "BG", "BH", "BO", "BR", "CA", "CH", "CL", "CO", "CR", "CY", "CZ", "DE", "DK", "DO", "DZ", "EC", "EE", "EG", "ES", "FI", "FR", "GB", "GR", "GT", "HK", "HN", "HU", "ID", "IE", "IL", "IN", "IS", "IT", "JO", "JP", "KW", "LB", "LI", "LT", "LU", "LV", "MA", "MC", "MT", "MX", "MY", "NI", "NL", "NO", "NZ", "OM", "PA", "PE", "PH", "PL", "PS", "PT", "PY", "QA", "RO", "SA", "SE", "SG", "SK", "SV", "TH", "TN", "TR", "TW", "US", "UY", "VN", "ZA"], "external_urls": {"spotify": "https://open.spotify.com/album/2Zg5xZo3WwIoAZys8OcUpG"}, "href": "https://api.spotify.com/v1/albums/2Zg5xZo3WwIoAZys8OcUpG", "id": "2Zg5xZo3WwIoAZys8OcUpG", "images": [{"height": 640, "url": "https://i.scdn.co/image/ab67616d0000b2732e819e33b9703a8b3fc85a35", "width": 640}, {"height": 300, "url": "https://i.scdn.co/image/ab67616d00001e022e819e33b9703a8b3fc85a35", "width": 300}, {"height": 64, "url": "https://i.scdn.co/image/ab67616d000048512e819e33b9703a8b3fc85a35", "width": 64}], "name": "SCOOB! The Album", "release_date": "2020-05-15", "release_date_precision": "day", "total_tracks": 12, "type": "album", "uri": "spotify:album:2Zg5xZo3WwIoAZys8OcUpG"}, {"album_type": "single", "artists": [{"external_urls": {"spotify": "https://open.spotify.com/artist/6jJ0s89eD6GaHleKKya26X"}, "href": "https://api.spotify.com/v1/artists/6jJ0s89eD6GaHleKKya26X", "id": "6jJ0s89eD6GaHleKKya26X", "name": "Katy Perry", "type": "artist", "uri": "spotify:artist:6jJ0s89eD6GaHleKKya26X"}], "available_markets": ["AD", "AE", "AR", "AT", "AU", "BE", "BG", "BH", "BO", "BR", "CA", "CH", "CL", "CO", "CR", "CY", "CZ", "DE", "DK", "DO", "DZ", "EC", "EE", "EG", "ES", "FI", "FR", "GB", "GR", "GT", "HK", "HN", "HU", "ID", "IE", "IL", "IN", "IS", "IT", "JO", "JP", "KW", "LB", "LI", "LT", "LU", "LV", "MA", "MC", "MT", "MX", "MY", "NI", "NL", "NO", "NZ", "OM", "PA", "PE", "PH", "PL", "PS", "PT", "PY", "QA", "RO", "SA", "SE", "SG", "SK", "SV", "TH", "TN", "TR", "TW", "US", "UY", "VN", "ZA"], "external_urls": {"spotify": "https://open.spotify.com/album/2m5J1DUH7hJpPSOromIqpN"}, "href": "https://api.spotify.com/v1/albums/2m5J1DUH7hJpPSOromIqpN", "id": "2m5J1DUH7hJpPSOromIqpN", "images": [{"height": 640, "url": "https://i.scdn.co/image/ab67616d0000b2738df6751bad8ab6b5c928dba3", "width": 640}, {"height": 300, "url": "https://i.scdn.co/image/ab67616d00001e028df6751bad8ab6b5c928dba3", "width": 300}, {"height": 64, "url": "https://i.scdn.co/image/ab67616d000048518df6751bad8ab6b5c928dba3", "width": 64}], "name": "Daisies", "release_date": "2020-05-15", "release_date_precision": "day", "total_tracks": 1, "type": "album", "uri": "spotify:album:2m5J1DUH7hJpPSOromIqpN"}, {"album_type": "album", "artists": [{"external_urls": {"spotify": "https://open.spotify.com/artist/6AgTAQt8XS6jRWi4sX7w49"}, "href": "https://api.spotify.com/v1/artists/6AgTAQt8XS6jRWi4sX7w49", "id": "6AgTAQt8XS6jRWi4sX7w49", "name": "Polo G", "type": "artist", "uri": "spotify:artist:6AgTAQt8XS6jRWi4sX7w49"}], "available_markets": ["AD", "AE", "AR", "AT", "AU", "BE", "BG", "BH", "BO", "BR", "CA", "CH", "CL", "CO", "CR", "CY", "CZ", "DE", "DK", "DO", "DZ", "EC", "EE", "EG", "ES", "FI", "FR", "GB", "GR", "GT", "HK", "HN", "HU", "ID", "IE", "IL", "IN", "IS", "IT", "JO", "JP", "KW", "LB", "LI", "LT", "LU", "LV", "MA", "MC", "MT", "MX", "MY", "NI", "NL", "NO", "NZ", "OM", "PA", "PE", "PH", "PL", "PS", "PT", "PY", "QA", "RO", "SA", "SE", "SG", "SK", "SV", "TH", "TN", "TR", "TW", "US", "UY", "VN", "ZA"], "external_urls": {"spotify": "https://open.spotify.com/album/39xhYyNNDatQtgKw2KdXMz"}, "href": "https://api.spotify.com/v1/albums/39xhYyNNDatQtgKw2KdXMz", "id": "39xhYyNNDatQtgKw2KdXMz", "images": [{"height": 640, "url": "https://i.scdn.co/image/ab67616d0000b273339f780dfdbc38558ea0761d", "width": 640}, {"height": 300, "url": "https://i.scdn.co/image/ab67616d00001e02339f780dfdbc38558ea0761d", "width": 300}, {"height": 64, "url": "https://i.scdn.co/image/ab67616d00004851339f780dfdbc38558ea0761d", "width": 64}], "name": "THE GOAT", "release_date": "2020-05-15", "release_date_precision": "day", "total_tracks": 16, "type": "album", "uri": "spotify:album:39xhYyNNDatQtgKw2KdXMz"}, {"album_type": "single", "artists": [{"external_urls": {"spotify": "https://open.spotify.com/artist/7gOdHgIoIKoe4i9Tta6qdD"}, "href": "https://api.spotify.com/v1/artists/7gOdHgIoIKoe4i9Tta6qdD", "id": "7gOdHgIoIKoe4i9Tta6qdD", "name": "Jonas Brothers", "type": "artist", "uri": "spotify:artist:7gOdHgIoIKoe4i9Tta6qdD"}, {"external_urls": {"spotify": "https://open.spotify.com/artist/790FomKkXshlbRYZFtlgla"}, "href": "https://api.spotify.com/v1/artists/790FomKkXshlbRYZFtlgla", "id": "790FomKkXshlbRYZFtlgla", "name": "KAROL G", "type": "artist", "uri": "spotify:artist:790FomKkXshlbRYZFtlgla"}], "available_markets": ["AD", "AE", "AR", "AT", "AU", "BE", "BG", "BH", "BO", "BR", "CA", "CH", "CL", "CO", "CR", "CY", "CZ", "DE", "DK", "DO", "DZ", "EC", "EE", "EG", "ES", "FI", "FR", "GB", "GR", "GT", "HK", "HN", "HU", "ID", "IE", "IL", "IN", "IS", "IT", "JO", "JP", "KW", "LB", "LI", "LT", "LU", "LV", "MA", "MC", "MT", "MX", "MY", "NI", "NL", "NO", "NZ", "OM", "PA", "PE", "PH", "PL", "PS", "PT", "PY", "QA", "RO", "SA", "SE", "SG", "SK", "SV", "TH", "TN", "TR", "TW", "US", "UY", "VN", "ZA"], "external_urls": {"spotify": "https://open.spotify.com/album/0i96PtPJV65ddxsfMfo45F"}, "href": "https://api.spotify.com/v1/albums/0i96PtPJV65ddxsfMfo45F", "id": "0i96PtPJV65ddxsfMfo45F", "images": [{"height": 640, "url": "https://i.scdn.co/image/ab67616d0000b2733b3cd45dfa6f779c01d63fdb", "width": 640}, {"height": 300, "url": "https://i.scdn.co/image/ab67616d00001e023b3cd45dfa6f779c01d63fdb", "width": 300}, {"height": 64, "url": "https://i.scdn.co/image/ab67616d000048513b3cd45dfa6f779c01d63fdb", "width": 64}], "name": "XV", "release_date": "2020-05-15", "release_date_precision": "day", "total_tracks": 2, "type": "album", "uri": "spotify:album:0i96PtPJV65ddxsfMfo45F"}, {"album_type": "album", "artists": [{"external_urls": {"spotify": "https://open.spotify.com/artist/25uiPmTg16RbhZWAqwLBy5"}, "href": "https://api.spotify.com/v1/artists/25uiPmTg16RbhZWAqwLBy5", "id": "25uiPmTg16RbhZWAqwLBy5", "name": "Charli XCX", "type": "artist", "uri": "spotify:artist:25uiPmTg16RbhZWAqwLBy5"}], "available_markets": ["AD", "AE", "AR", "AT", "AU", "BE", "BG", "BH", "BO", "BR", "CA", "CH", "CL", "CO", "CR", "CY", "CZ", "DE", "DK", "DO", "DZ", "EC", "EE", "EG", "ES", "FI", "FR", "GB", "GR", "GT", "HK", "HN", "HU", "ID", "IE", "IL", "IN", "IS", "IT", "JO", "JP", "KW", "LB", "LI", "LT", "LU", "LV", "MA", "MC", "MT", "MX", "MY", "NI", "NL", "NO", "NZ", "OM", "PA", "PE", "PH", "PL", "PS", "PT", "PY", "QA", "RO", "SA", "SE", "SG", "SK", "SV", "TH", "TN", "TR", "TW", "US", "UY", "VN", "ZA"], "external_urls": {"spotify": "https://open.spotify.com/album/3a9qH2VEsSiOZvMrjaS0Nu"}, "href": "https://api.spotify.com/v1/albums/3a9qH2VEsSiOZvMrjaS0Nu", "id": "3a9qH2VEsSiOZvMrjaS0Nu", "images": [{"height": 640, "url": "https://i.scdn.co/image/ab67616d0000b273664e38c99d077cc52ab48914", "width": 640}, {"height": 300, "url": "https://i.scdn.co/image/ab67616d00001e02664e38c99d077cc52ab48914", "width": 300}, {"height": 64, "url": "https://i.scdn.co/image/ab67616d00004851664e38c99d077cc52ab48914", "width": 64}], "name": "how i'm feeling now", "release_date": "2020-05-15", "release_date_precision": "day", "total_tracks": 11, "type": "album", "uri": "spotify:album:3a9qH2VEsSiOZvMrjaS0Nu"}, {"album_type": "single", "artists": [{"external_urls": {"spotify": "https://open.spotify.com/artist/2jku7tDXc6XoB6MO2hFuqg"}, "href": "https://api.spotify.com/v1/artists/2jku7tDXc6XoB6MO2hFuqg", "id": "2jku7tDXc6XoB6MO2hFuqg", "name": "Tory Lanez", "type": "artist", "uri": "spotify:artist:2jku7tDXc6XoB6MO2hFuqg"}], "available_markets": ["AD", "AE", "AR", "AT", "AU", "BE", "BG", "BH", "BO", "BR", "CH", "CL", "CO", "CR", "CY", "CZ", "DE", "DK", "DO", "DZ", "EC", "EE", "EG", "ES", "FI", "FR", "GB", "GR", "GT", "HK", "HN", "HU", "ID", "IE", "IL", "IN", "IS", "IT", "JO", "JP", "KW", "LB", "LI", "LT", "LU", "LV", "MA", "MC", "MT", "MX", "MY", "NI", "NL", "NO", "NZ", "OM", "PA", "PE", "PH", "PL", "PS", "PT", "PY", "QA", "RO", "SA", "SE", "SG", "SK", "SV", "TH", "TN", "TR", "TW", "US", "UY", "VN", "ZA"], "external_urls": {"spotify": "https://open.spotify.com/album/3lalGt6k7JM3tIji1Xbgmk"}, "href": "https://api.spotify.com/v1/albums/3lalGt6k7JM3tIji1Xbgmk", "id": "3lalGt6k7JM3tIji1Xbgmk", "images": [{"height": 640, "url": "https://i.scdn.co/image/ab67616d0000b273c2ebaf0c84eb77f358d958bc", "width": 640}, {"height": 300, "url": "https://i.scdn.co/image/ab67616d00001e02c2ebaf0c84eb77f358d958bc", "width": 300}, {"height": 64, "url": "https://i.scdn.co/image/ab67616d00004851c2ebaf0c84eb77f358d958bc", "width": 64}], "name": "Temperature Rising", "release_date": "2020-05-15", "release_date_precision": "day", "total_tracks": 1, "type": "album", "uri": "spotify:album:3lalGt6k7JM3tIji1Xbgmk"}, {"album_type": "album", "artists": [{"external_urls": {"spotify": "https://open.spotify.com/artist/2ueoLVCXQ948OfhVvAy3Nn"}, "href": "https://api.spotify.com/v1/artists/2ueoLVCXQ948OfhVvAy3Nn", "id": "2ueoLVCXQ948OfhVvAy3Nn", "name": "Perfume Genius", "type": "artist", "uri": "spotify:artist:2ueoLVCXQ948OfhVvAy3Nn"}], "available_markets": ["AD", "AE", "AR", "AT", "AU", "BE", "BG", "BH", "BO", "BR", "CA", "CH", "CL", "CO", "CR", "CY", "CZ", "DE", "DK", "DO", "DZ", "EC", "EE", "EG", "ES", "FI", "FR", "GB", "GR", "GT", "HK", "HN", "HU", "ID", "IE", "IL", "IN", "IS", "IT", "JO", "JP", "KW", "LB", "LI", "LT", "LU", "LV", "MA", "MC", "MT", "MX", "MY", "NI", "NL", "NO", "NZ", "OM", "PA", "PE", "PH", "PL", "PS", "PT", "PY", "QA", "RO", "SA", "SE", "SG", "SK", "SV", "TH", "TN", "TR", "TW", "US", "UY", "VN", "ZA"], "external_urls": {"spotify": "https://open.spotify.com/album/6daEdTBi1hyFQgmsnR7oRr"}, "href": "https://api.spotify.com/v1/albums/6daEdTBi1hyFQgmsnR7oRr", "id": "6daEdTBi1hyFQgmsnR7oRr", "images": [{"height": 640, "url": "https://i.scdn.co/image/ab67616d0000b2739af34850f5125ef195d6101a", "width": 640}, {"height": 300, "url": "https://i.scdn.co/image/ab67616d00001e029af34850f5125ef195d6101a", "width": 300}, {"height": 64, "url": "https://i.scdn.co/image/ab67616d000048519af34850f5125ef195d6101a", "width": 64}], "name": "Set My Heart On Fire Immediately", "release_date": "2020-05-15", "release_date_precision": "day", "total_tracks": 13, "type": "album", "uri": "spotify:album:6daEdTBi1hyFQgmsnR7oRr"}, {"album_type": "album", "artists": [{"external_urls": {"spotify": "https://open.spotify.com/artist/7rkW85dBwwrJtlHRDkJDAC"}, "href": "https://api.spotify.com/v1/artists/7rkW85dBwwrJtlHRDkJDAC", "id": "7rkW85dBwwrJtlHRDkJDAC", "name": "NAV", "type": "artist", "uri": "spotify:artist:7rkW85dBwwrJtlHRDkJDAC"}], "available_markets": ["AD", "AE", "AR", "AT", "AU", "BE", "BG", "BH", "BO", "BR", "CA", "CH", "CL", "CO", "CR", "CY", "CZ", "DE", "DK", "DO", "DZ", "EC", "EE", "EG", "ES", "FI", "FR", "GB", "GR", "GT", "HK", "HN", "HU", "ID", "IE", "IL", "IN", "IS", "IT", "JO", "JP", "KW", "LB", "LI", "LT", "LU", "LV", "MA", "MC", "MT", "MX", "MY", "NI", "NL", "NO", "NZ", "OM", "PA", "PE", "PH", "PL", "PS", "PT", "PY", "QA", "RO", "SA", "SE", "SG", "SK", "SV", "TH", "TN", "TR", "TW", "US", "UY", "VN", "ZA"], "external_urls": {"spotify": "https://open.spotify.com/album/2kx4l1OQNT2JXLld9HJDIh"}, "href": "https://api.spotify.com/v1/albums/2kx4l1OQNT2JXLld9HJDIh", "id": "2kx4l1OQNT2JXLld9HJDIh", "images": [{"height": 640, "url": "https://i.scdn.co/image/ab67616d0000b273b9c89bb14d58ea3150bd435d", "width": 640}, {"height": 300, "url": "https://i.scdn.co/image/ab67616d00001e02b9c89bb14d58ea3150bd435d", "width": 300}, {"height": 64, "url": "https://i.scdn.co/image/ab67616d00004851b9c89bb14d58ea3150bd435d", "width": 64}], "name": "Good Intentions (Brown Boy 2 Deluxe Version)", "release_date": "2020-05-11", "release_date_precision": "day", "total_tracks": 32, "type": "album", "uri": "spotify:album:2kx4l1OQNT2JXLld9HJDIh"}, {"album_type": "single", "artists": [{"external_urls": {"spotify": "https://open.spotify.com/artist/6oMuImdp5ZcFhWP0ESe6mG"}, "href": "https://api.spotify.com/v1/artists/6oMuImdp5ZcFhWP0ESe6mG", "id": "6oMuImdp5ZcFhWP0ESe6mG", "name": "Migos", "type": "artist", "uri": "spotify:artist:6oMuImdp5ZcFhWP0ESe6mG"}], "available_markets": ["AD", "AE", "AR", "AT", "AU", "BE", "BG", "BH", "BO", "BR", "CA", "CH", "CL", "CO", "CR", "CY", "CZ", "DE", "DK", "DO", "DZ", "EC", "EE", "EG", "ES", "FI", "FR", "GB", "GR", "GT", "HK", "HN", "HU", "ID", "IE", "IL", "IN", "IS", "IT", "JO", "JP", "KW", "LB", "LI", "LT", "LU", "LV", "MA", "MC", "MT", "MX", "MY", "NI", "NL", "NO", "NZ", "OM", "PA", "PE", "PH", "PL", "PS", "PT", "PY", "QA", "RO", "SA", "SE", "SG", "SK", "SV", "TH", "TN", "TR", "TW", "US", "UY", "VN", "ZA"], "external_urls": {"spotify": "https://open.spotify.com/album/3PASWLvNfvfMF68dDznEgK"}, "href": "https://api.spotify.com/v1/albums/3PASWLvNfvfMF68dDznEgK", "id": "3PASWLvNfvfMF68dDznEgK", "images": [{"height": 640, "url": "https://i.scdn.co/image/ab67616d0000b2739325c863d9139cc2d507421b", "width": 640}, {"height": 300, "url": "https://i.scdn.co/image/ab67616d00001e029325c863d9139cc2d507421b", "width": 300}, {"height": 64, "url": "https://i.scdn.co/image/ab67616d000048519325c863d9139cc2d507421b", "width": 64}], "name": "Racks 2 Skinny", "release_date": "2020-05-11", "release_date_precision": "day", "total_tracks": 1, "type": "album", "uri": "spotify:album:3PASWLvNfvfMF68dDznEgK"}, {"album_type": "single", "artists": [{"external_urls": {"spotify": "https://open.spotify.com/artist/5Zq7R5qmi58ByYyBQTlNuk"}, "href": "https://api.spotify.com/v1/artists/5Zq7R5qmi58ByYyBQTlNuk", "id": "5Zq7R5qmi58ByYyBQTlNuk", "name": "Lee Brice", "type": "artist", "uri": "spotify:artist:5Zq7R5qmi58ByYyBQTlNuk"}], "available_markets": ["AD", "AE", "AR", "AT", "AU", "BE", "BG", "BH", "BO", "BR", "CA", "CH", "CL", "CO", "CR", "CY", "CZ", "DE", "DK", "DO", "DZ", "EC", "EE", "EG", "ES", "FI", "FR", "GB", "GR", "GT", "HK", "HN", "HU", "ID", "IE", "IL", "IN", "IS", "IT", "JO", "JP", "KW", "LB", "LI", "LT", "LU", "LV", "MA", "MC", "MT", "MX", "MY", "NI", "NL", "NO", "NZ", "OM", "PA", "PE", "PH", "PL", "PS", "PT", "PY", "QA", "RO", "SA", "SE", "SG", "SK", "SV", "TH", "TN", "TR", "TW", "US", "UY", "VN", "ZA"], "external_urls": {"spotify": "https://open.spotify.com/album/5LK5cCx0XdniivfZ91vOSv"}, "href": "https://api.spotify.com/v1/albums/5LK5cCx0XdniivfZ91vOSv", "id": "5LK5cCx0XdniivfZ91vOSv", "images": [{"height": 640, "url": "https://i.scdn.co/image/ab67616d0000b27306ae99421702f8a9d881e268", "width": 640}, {"height": 300, "url": "https://i.scdn.co/image/ab67616d00001e0206ae99421702f8a9d881e268", "width": 300}, {"height": 64, "url": "https://i.scdn.co/image/ab67616d0000485106ae99421702f8a9d881e268", "width": 64}], "name": "One Of Them Girls", "release_date": "2020-05-15", "release_date_precision": "day", "total_tracks": 2, "type": "album", "uri": "spotify:album:5LK5cCx0XdniivfZ91vOSv"}, {"album_type": "album", "artists": [{"external_urls": {"spotify": "https://open.spotify.com/artist/2o5jDhtHVPhrJdv3cEQ99Z"}, "href": "https://api.spotify.com/v1/artists/2o5jDhtHVPhrJdv3cEQ99Z", "id": "2o5jDhtHVPhrJdv3cEQ99Z", "name": "Ti\u00ebsto", "type": "artist", "uri": "spotify:artist:2o5jDhtHVPhrJdv3cEQ99Z"}], "available_markets": ["AD", "AE", "AR", "AT", "AU", "BE", "BG", "BH", "BO", "BR", "CA", "CH", "CL", "CO", "CR", "CY", "CZ", "DE", "DK", "DO", "DZ", "EC", "EE", "EG", "ES", "FI", "FR", "GB", "GR", "GT", "HK", "HN", "HU", "ID", "IE", "IL", "IN", "IS", "IT", "JO", "JP", "KW", "LB", "LI", "LT", "LU", "LV", "MA", "MC", "MT", "MX", "MY", "NI", "NL", "NO", "NZ", "OM", "PA", "PE", "PH", "PL", "PS", "PT", "PY", "QA", "RO", "SA", "SE", "SG", "SK", "SV", "TH", "TN", "TR", "TW", "US", "UY", "VN", "ZA"], "external_urls": {"spotify": "https://open.spotify.com/album/6CIslPQSknp875cigkhKJC"}, "href": "https://api.spotify.com/v1/albums/6CIslPQSknp875cigkhKJC", "id": "6CIslPQSknp875cigkhKJC", "images": [{"height": 640, "url": "https://i.scdn.co/image/ab67616d0000b2739759d6dfa2c19091814fccb3", "width": 640}, {"height": 300, "url": "https://i.scdn.co/image/ab67616d00001e029759d6dfa2c19091814fccb3", "width": 300}, {"height": 64, "url": "https://i.scdn.co/image/ab67616d000048519759d6dfa2c19091814fccb3", "width": 64}], "name": "The London Sessions", "release_date": "2020-05-15", "release_date_precision": "day", "total_tracks": 13, "type": "album", "uri": "spotify:album:6CIslPQSknp875cigkhKJC"}, {"album_type": "single", "artists": [{"external_urls": {"spotify": "https://open.spotify.com/artist/6pBNfggcZZDCmb0p92OnGn"}, "href": "https://api.spotify.com/v1/artists/6pBNfggcZZDCmb0p92OnGn", "id": "6pBNfggcZZDCmb0p92OnGn", "name": "Chase Rice", "type": "artist", "uri": "spotify:artist:6pBNfggcZZDCmb0p92OnGn"}], "available_markets": ["AD", "AE", "AR", "AT", "AU", "BE", "BG", "BH", "BO", "BR", "CA", "CH", "CL", "CO", "CR", "CY", "CZ", "DE", "DK", "DO", "DZ", "EC", "EE", "EG", "ES", "FI", "FR", "GB", "GR", "GT", "HK", "HN", "HU", "ID", "IE", "IL", "IS", "IT", "JO", "JP", "KW", "LB", "LI", "LT", "LU", "LV", "MA", "MC", "MT", "MX", "MY", "NI", "NL", "NO", "NZ", "OM", "PA", "PE", "PH", "PL", "PS", "PT", "PY", "QA", "RO", "SA", "SE", "SG", "SK", "SV", "TH", "TN", "TR", "TW", "US", "UY", "VN", "ZA"], "external_urls": {"spotify": "https://open.spotify.com/album/5XvXf3mdhShyLZhoJYR74q"}, "href": "https://api.spotify.com/v1/albums/5XvXf3mdhShyLZhoJYR74q", "id": "5XvXf3mdhShyLZhoJYR74q", "images": [{"height": 640, "url": "https://i.scdn.co/image/ab67616d0000b2735f6b892b478747a769252650", "width": 640}, {"height": 300, "url": "https://i.scdn.co/image/ab67616d00001e025f6b892b478747a769252650", "width": 300}, {"height": 64, "url": "https://i.scdn.co/image/ab67616d000048515f6b892b478747a769252650", "width": 64}], "name": "The Album, Pt. II", "release_date": "2020-05-15", "release_date_precision": "day", "total_tracks": 4, "type": "album", "uri": "spotify:album:5XvXf3mdhShyLZhoJYR74q"}, {"album_type": "album", "artists": [{"external_urls": {"spotify": "https://open.spotify.com/artist/1caBfBEapzw8z2Qz9q0OaQ"}, "href": "https://api.spotify.com/v1/artists/1caBfBEapzw8z2Qz9q0OaQ", "id": "1caBfBEapzw8z2Qz9q0OaQ", "name": "Asking Alexandria", "type": "artist", "uri": "spotify:artist:1caBfBEapzw8z2Qz9q0OaQ"}], "available_markets": ["AD", "AE", "AR", "AT", "AU", "BE", "BG", "BH", "BO", "BR", "CA", "CH", "CL", "CO", "CR", "CY", "CZ", "DE", "DK", "DO", "DZ", "EC", "EE", "EG", "ES", "FI", "FR", "GB", "GR", "GT", "HK", "HN", "HU", "ID", "IE", "IL", "IN", "IS", "IT", "JO", "JP", "KW", "LB", "LI", "LT", "LU", "LV", "MA", "MC", "MT", "MX", "MY", "NI", "NL", "NO", "NZ", "OM", "PA", "PE", "PH", "PL", "PS", "PT", "PY", "QA", "RO", "SA", "SE", "SG", "SK", "SV", "TH", "TN", "TR", "TW", "US", "UY", "VN", "ZA"], "external_urls": {"spotify": "https://open.spotify.com/album/5VKKXDvYuJmRc2UQHCwNQK"}, "href": "https://api.spotify.com/v1/albums/5VKKXDvYuJmRc2UQHCwNQK", "id": "5VKKXDvYuJmRc2UQHCwNQK", "images": [{"height": 640, "url": "https://i.scdn.co/image/ab67616d0000b273d30ebbcdf987ab5273abdd8d", "width": 640}, {"height": 300, "url": "https://i.scdn.co/image/ab67616d00001e02d30ebbcdf987ab5273abdd8d", "width": 300}, {"height": 64, "url": "https://i.scdn.co/image/ab67616d00004851d30ebbcdf987ab5273abdd8d", "width": 64}], "name": "Like A House On Fire", "release_date": "2020-05-15", "release_date_precision": "day", "total_tracks": 15, "type": "album", "uri": "spotify:album:5VKKXDvYuJmRc2UQHCwNQK"}, {"album_type": "single", "artists": [{"external_urls": {"spotify": "https://open.spotify.com/artist/7d3WFRME3vBY2cgoP38RDo"}, "href": "https://api.spotify.com/v1/artists/7d3WFRME3vBY2cgoP38RDo", "id": "7d3WFRME3vBY2cgoP38RDo", "name": "Lil Skies", "type": "artist", "uri": "spotify:artist:7d3WFRME3vBY2cgoP38RDo"}], "available_markets": ["AD", "AE", "AR", "AT", "AU", "BE", "BG", "BH", "BO", "BR", "CA", "CH", "CL", "CO", "CR", "CY", "CZ", "DE", "DK", "DO", "DZ", "EC", "EE", "EG", "ES", "FI", "FR", "GB", "GR", "GT", "HK", "HN", "HU", "ID", "IE", "IL", "IN", "IS", "IT", "JO", "JP", "KW", "LB", "LI", "LT", "LU", "LV", "MA", "MC", "MT", "MX", "MY", "NI", "NL", "NO", "NZ", "OM", "PA", "PE", "PH", "PL", "PS", "PT", "PY", "QA", "RO", "SA", "SE", "SG", "SK", "SV", "TH", "TN", "TR", "TW", "US", "UY", "VN", "ZA"], "external_urls": {"spotify": "https://open.spotify.com/album/3cVy1WTjSAVpzUc7MVCTLu"}, "href": "https://api.spotify.com/v1/albums/3cVy1WTjSAVpzUc7MVCTLu", "id": "3cVy1WTjSAVpzUc7MVCTLu", "images": [{"height": 640, "url": "https://i.scdn.co/image/ab67616d0000b273f7571dc32332081426ab3818", "width": 640}, {"height": 300, "url": "https://i.scdn.co/image/ab67616d00001e02f7571dc32332081426ab3818", "width": 300}, {"height": 64, "url": "https://i.scdn.co/image/ab67616d00004851f7571dc32332081426ab3818", "width": 64}], "name": "Riot", "release_date": "2020-05-13", "release_date_precision": "day", "total_tracks": 1, "type": "album", "uri": "spotify:album:3cVy1WTjSAVpzUc7MVCTLu"}, {"album_type": "album", "artists": [{"external_urls": {"spotify": "https://open.spotify.com/artist/55fhWPvDiMpLnE4ZzNXZyW"}, "href": "https://api.spotify.com/v1/artists/55fhWPvDiMpLnE4ZzNXZyW", "id": "55fhWPvDiMpLnE4ZzNXZyW", "name": "Noah Cyrus", "type": "artist", "uri": "spotify:artist:55fhWPvDiMpLnE4ZzNXZyW"}], "available_markets": ["AD", "AE", "AR", "AT", "AU", "BE", "BG", "BH", "BO", "BR", "CA", "CH", "CL", "CO", "CR", "CY", "CZ", "DE", "DK", "DO", "DZ", "EC", "EE", "EG", "ES", "FI", "FR", "GB", "GR", "GT", "HK", "HN", "HU", "ID", "IE", "IL", "IN", "IS", "IT", "JO", "JP", "KW", "LB", "LI", "LT", "LU", "LV", "MA", "MC", "MT", "MX", "MY", "NI", "NL", "NO", "NZ", "OM", "PA", "PE", "PH", "PL", "PS", "PT", "PY", "QA", "RO", "SA", "SE", "SG", "SK", "SV", "TH", "TN", "TR", "TW", "US", "UY", "VN", "ZA"], "external_urls": {"spotify": "https://open.spotify.com/album/5Gn3fFzlWL89j0hGumtXb5"}, "href": "https://api.spotify.com/v1/albums/5Gn3fFzlWL89j0hGumtXb5", "id": "5Gn3fFzlWL89j0hGumtXb5", "images": [{"height": 640, "url": "https://i.scdn.co/image/ab67616d0000b2737f66b73bd6e86f4c8d2a7692", "width": 640}, {"height": 300, "url": "https://i.scdn.co/image/ab67616d00001e027f66b73bd6e86f4c8d2a7692", "width": 300}, {"height": 64, "url": "https://i.scdn.co/image/ab67616d000048517f66b73bd6e86f4c8d2a7692", "width": 64}], "name": "THE END OF EVERYTHING", "release_date": "2020-05-15", "release_date_precision": "day", "total_tracks": 8, "type": "album", "uri": "spotify:album:5Gn3fFzlWL89j0hGumtXb5"}, {"album_type": "single", "artists": [{"external_urls": {"spotify": "https://open.spotify.com/artist/6C1ohJrd5VydigQtaGy5Wa"}, "href": "https://api.spotify.com/v1/artists/6C1ohJrd5VydigQtaGy5Wa", "id": "6C1ohJrd5VydigQtaGy5Wa", "name": "Joyner Lucas", "type": "artist", "uri": "spotify:artist:6C1ohJrd5VydigQtaGy5Wa"}, {"external_urls": {"spotify": "https://open.spotify.com/artist/41qil2VaGbD194gaEcmmyx"}, "href": "https://api.spotify.com/v1/artists/41qil2VaGbD194gaEcmmyx", "id": "41qil2VaGbD194gaEcmmyx", "name": "Will Smith", "type": "artist", "uri": "spotify:artist:41qil2VaGbD194gaEcmmyx"}], "available_markets": ["AD", "AE", "AR", "AT", "AU", "BE", "BG", "BH", "BO", "BR", "CA", "CH", "CL", "CO", "CR", "CY", "CZ", "DE", "DK", "DO", "DZ", "EC", "EE", "EG", "ES", "FI", "FR", "GB", "GR", "GT", "HK", "HN", "HU", "ID", "IE", "IL", "IN", "IS", "IT", "JO", "JP", "KW", "LB", "LI", "LT", "LU", "LV", "MA", "MC", "MT", "MX", "MY", "NI", "NL", "NO", "NZ", "OM", "PA", "PE", "PH", "PL", "PS", "PT", "PY", "QA", "RO", "SA", "SE", "SG", "SK", "SV", "TH", "TN", "TR", "TW", "US", "UY", "VN", "ZA"], "external_urls": {"spotify": "https://open.spotify.com/album/3tOe6XM8LmRA5vDAaMqp8e"}, "href": "https://api.spotify.com/v1/albums/3tOe6XM8LmRA5vDAaMqp8e", "id": "3tOe6XM8LmRA5vDAaMqp8e", "images": [{"height": 640, "url": "https://i.scdn.co/image/ab67616d0000b2734ac196312c24faedb76a345e", "width": 640}, {"height": 300, "url": "https://i.scdn.co/image/ab67616d00001e024ac196312c24faedb76a345e", "width": 300}, {"height": 64, "url": "https://i.scdn.co/image/ab67616d000048514ac196312c24faedb76a345e", "width": 64}], "name": "Will (Remix)", "release_date": "2020-05-15", "release_date_precision": "day", "total_tracks": 1, "type": "album", "uri": "spotify:album:3tOe6XM8LmRA5vDAaMqp8e"}, {"album_type": "single", "artists": [{"external_urls": {"spotify": "https://open.spotify.com/artist/6Xgp2XMz1fhVYe7i6yNAax"}, "href": "https://api.spotify.com/v1/artists/6Xgp2XMz1fhVYe7i6yNAax", "id": "6Xgp2XMz1fhVYe7i6yNAax", "name": "Trippie Redd", "type": "artist", "uri": "spotify:artist:6Xgp2XMz1fhVYe7i6yNAax"}, {"external_urls": {"spotify": "https://open.spotify.com/artist/2HPaUgqeutzr3jx5a9WyDV"}, "href": "https://api.spotify.com/v1/artists/2HPaUgqeutzr3jx5a9WyDV", "id": "2HPaUgqeutzr3jx5a9WyDV", "name": "PARTYNEXTDOOR", "type": "artist", "uri": "spotify:artist:2HPaUgqeutzr3jx5a9WyDV"}], "available_markets": ["AD", "AE", "AR", "AT", "AU", "BE", "BG", "BH", "BO", "BR", "CA", "CH", "CL", "CO", "CR", "CY", "CZ", "DE", "DK", "DO", "DZ", "EC", "EE", "EG", "ES", "FI", "FR", "GB", "GR", "GT", "HK", "HN", "HU", "ID", "IE", "IL", "IN", "IS", "IT", "JO", "JP", "KW", "LB", "LI", "LT", "LU", "LV", "MA", "MC", "MT", "MX", "MY", "NI", "NL", "NO", "NZ", "OM", "PA", "PE", "PH", "PL", "PS", "PT", "PY", "QA", "RO", "SA", "SE", "SG", "SK", "SV", "TH", "TN", "TR", "TW", "US", "UY", "VN", "ZA"], "external_urls": {"spotify": "https://open.spotify.com/album/7rcMHNqNbQxF5TaPMHFoKu"}, "href": "https://api.spotify.com/v1/albums/7rcMHNqNbQxF5TaPMHFoKu", "id": "7rcMHNqNbQxF5TaPMHFoKu", "images": [{"height": 640, "url": "https://i.scdn.co/image/ab67616d0000b273de32a6662a7db272328f4761", "width": 640}, {"height": 300, "url": "https://i.scdn.co/image/ab67616d00001e02de32a6662a7db272328f4761", "width": 300}, {"height": 64, "url": "https://i.scdn.co/image/ab67616d00004851de32a6662a7db272328f4761", "width": 64}], "name": "Excitement", "release_date": "2020-05-15", "release_date_precision": "day", "total_tracks": 1, "type": "album", "uri": "spotify:album:7rcMHNqNbQxF5TaPMHFoKu"}, {"album_type": "single", "artists": [{"external_urls": {"spotify": "https://open.spotify.com/artist/3NPpFNZtSTHheNBaWC82rB"}, "href": "https://api.spotify.com/v1/artists/3NPpFNZtSTHheNBaWC82rB", "id": "3NPpFNZtSTHheNBaWC82rB", "name": "X Ambassadors", "type": "artist", "uri": "spotify:artist:3NPpFNZtSTHheNBaWC82rB"}, {"external_urls": {"spotify": "https://open.spotify.com/artist/0pCNk4D3E2xtszsm6hMsWr"}, "href": "https://api.spotify.com/v1/artists/0pCNk4D3E2xtszsm6hMsWr", "id": "0pCNk4D3E2xtszsm6hMsWr", "name": "K.Flay", "type": "artist", "uri": "spotify:artist:0pCNk4D3E2xtszsm6hMsWr"}, {"external_urls": {"spotify": "https://open.spotify.com/artist/4ZgQDCtRqZlhLswVS6MHN4"}, "href": "https://api.spotify.com/v1/artists/4ZgQDCtRqZlhLswVS6MHN4", "id": "4ZgQDCtRqZlhLswVS6MHN4", "name": "grandson", "type": "artist", "uri": "spotify:artist:4ZgQDCtRqZlhLswVS6MHN4"}], "available_markets": ["AD", "AE", "AR", "AT", "AU", "BE", "BG", "BH", "BO", "BR", "CA", "CH", "CL", "CO", "CR", "CY", "CZ", "DE", "DK", "DO", "DZ", "EC", "EE", "EG", "ES", "FI", "FR", "GB", "GR", "GT", "HK", "HN", "HU", "ID", "IE", "IL", "IN", "IS", "IT", "JO", "JP", "KW", "LB", "LI", "LT", "LU", "LV", "MA", "MC", "MT", "MX", "MY", "NI", "NL", "NO", "NZ", "OM", "PA", "PE", "PH", "PL", "PS", "PT", "PY", "QA", "RO", "SA", "SE", "SG", "SK", "SV", "TH", "TN", "TR", "TW", "US", "UY", "VN", "ZA"], "external_urls": {"spotify": "https://open.spotify.com/album/2JQbWWpYG6kKppiD6z2FwL"}, "href": "https://api.spotify.com/v1/albums/2JQbWWpYG6kKppiD6z2FwL", "id": "2JQbWWpYG6kKppiD6z2FwL", "images": [{"height": 640, "url": "https://i.scdn.co/image/ab67616d0000b273e420fab8e9ec9cf79c073a28", "width": 640}, {"height": 300, "url": "https://i.scdn.co/image/ab67616d00001e02e420fab8e9ec9cf79c073a28", "width": 300}, {"height": 64, "url": "https://i.scdn.co/image/ab67616d00004851e420fab8e9ec9cf79c073a28", "width": 64}], "name": "Zen (with K.Flay & grandson)", "release_date": "2020-05-15", "release_date_precision": "day", "total_tracks": 1, "type": "album", "uri": "spotify:album:2JQbWWpYG6kKppiD6z2FwL"}], "limit": 20, "next": "https://api.spotify.com/v1/browse/new-releases?offset=20&limit=20", "offset": 0, "previous": null, "total": 100}}